Workbook

Sheet Sheet1
A1: Fluid | B1: Temp | C1: P | D1: P | E1: P | F1: dens | G1: Phase
B2: °C | C2: psig | D2: psia | E2: bar | F2: kg/m3
A3: H2 | B3: 32 | C3: 0 | D3: =C3+14.7 -> 14.7 | E3: =D3*0.06895 -> 1.013565 | F3: 0.0794 | G3: vapor
A4: H2 | B4: 32 | C4: 50 | D4: =C4+14.7 -> 64.7 | E4: =D4*0.06895 -> 4.461065 | F4: 0.3175 | G4: vapor
A5: H2 | B5: 32 | C5: 200 | D5: =C5+14.7 -> 214.7 | E5: =D5*0.06895 -> 14.803565 | F5: 1.1868 | G5: supercritical
A6: H2 | B6: 32 | C6: 500 | D6: =C6+14.7 -> 514.7 | E6: =D6*0.06895 -> 35.488565 | F6: 2.752 | G6: supercritical
A7: H2 | B7: 32 | C7: 900 | D7: =C7+14.7 -> 914.7 | E7: =D7*0.06895 -> 63.068565 | F7: 4.9062 | G7: supercritical
A8: H2 | B8: 32 | C8: 1500 | D8: =C8+14.7 -> 1514.7 | E8: =D8*0.06895 -> 104.43856 | F8: 7.9736 | G8: supercritical
A9: He | B9: 32 | C9: 0 | D9: =C9+14.7 -> 14.7 | E9: =D9*0.06895 -> 1.013565 | F9: 0.1576 | G9: vapor
A10: He | B10: 32 | C10: 50 | D10: =C10+14.7 -> 64.7 | E10: =D10*0.06895 -> 4.461065 | F10: 0.6303 | G10: supercritical
A11: He | B11: 32 | C11: 200 | D11: =C11+14.7 -> 214.7 | E11: =D11*0.06895 -> 14.803565 | F11: 2.3591 | G11: supercritical
A12: He | B12: 32 | C12: 500 | D12: =C12+14.7 -> 514.7 | E12: =D12*0.06895 -> 35.488565 | F12: 5.4836 | G12: supercritical
A13: He | B13: 32 | C13: 900 | D13: =C13+14.7 -> 914.7 | E13: =D13*0.06895 -> 63.068565 | F13: 9.8087 | G13: supercritical
A14: He | B14: 32 | C14: 1500 | D14: =C14+14.7 -> 1514.7 | E14: =D14*0.06895 -> 104.43856 | F14: 16.0169 | G14: supercritical
... A21: N2 | B21: 28 | C21: 1500 | D21: =C21+14.7 -> 1514.7 | E21: =D21*0.06895 -> 104.43856 | F21: 117.5121 | G21: supercritical
A22: Xe | B22: 28 | C22: 116 | D22: =C22+14.7 -> 130.7 | E22: =D22/14.5038 -> 9.0114315 | F22: 49.885 | G22: vapor | H22: don’t need
A23: Xe | B23: 28 | C23: 246 | D23: =C23+14.7 -> 260.7 | E23: =D23/14.5038 -> 17.9746 | F23: 106.1506 | G23: vapor | H23: don't need
A24: Xe | B24: 28 | C24: 348 | D24: =C24+14.7 -> 362.7 | E24: =D24/14.5038 -> 25.007239 | F24: 155.6155 | G24: vapor
A25: Xe | B25: 28 | C25: 450 | D25: =C25+14.7 -> 464.7 | E25: =D25/14.5038 -> 32.039879 | F25: 211.6485 | G25: vapor
A26: Xe | B26: 28 | C26: 550 | D26: =C26+14.7 -> 564.7 | E26: =D26/14.5038 -> 38.934624 | F26: 276.5321 | G26: vapor
A27: Xe | B27: 28 | C27: 650 | D27: =C27+14.7 -> 664.7 | E27: =D27/14.5038 -> 45.829369 | F27: 354.1002 | G27: vapor
A28: Xe | B28: 28 | C28: 725 | D28: =C28+14.7 -> 739.7 | E28: =D28/14.5038 -> 51.000427 | F28: 421.0416 | G28: vapor
A29: Xe | B29: 28 | C29: 900 | D29: =C29+14.7 -> 914.7 | E29: =D29/14.5038 -> 63.066231 | F29: 664.2878 | G29: supercritical
A30: H250CO2 | B30: 28 | C30: 1500 | D30: =C30+14.7 -> 1514.7 | E30: =D30/14.5038 -> 104.4347 | F30: 108.68918
A31: H275CO2 | B31: 28 | C31: 1500 | D31: =C31+14.7 -> 1514.7 | E31: =D31/14.5038 -> 104.4347 | F31: 52.78309
A32: He | B32: 20 | C32: 725 | D32: =C32+14.7 -> 739.7 | E32: =D32/14.5038 -> 51.000427 | F32: 8.2867 | G32: supercritical
A33: He | B33: 20 | C33: 900 | D33: =C33+14.7 -> 914.7 | E33: =D33/14.5038 -> 63.066231 | F33: 10.2066 | G33: supercritical
A34: Xe | B34: 20 | C34: 725 | D34: =C34+14.7 -> 739.7 | E34: =D34/14.5038 -> 51.000427 | F34: 471.1714 | G34: vapor
A35: Xe | B35: 20 | C35: 900 | D35: =C35+14.7 -> 914.7 | E35: =D35/14.5038 -> 63.066231 | F35: 1148.7 | G35: supercritical

Sheet NIST
A1: Fluid | B1: Temp | C1: P | D1: P | E1: P | F1: dens | G1: Phase
B2: °C | C2: psig | D2: psia | E2: bar | F2: kg/m3
A3: H2 | B3: 32 | C3: 0 | D3: =C3+14.7 -> 14.7 | E3: =D3*0.06895 -> 1.013565 | F3: 0.079408 | G3: vapor | H3: for MFM
A4: H2 | B4: 32 | C4: 50 | D4: =C4+14.7 -> 64.7 | E4: =D4*0.06895 -> 4.461065 | F4: 0.31708 | G4: vapor
A5: H2 | B5: 32 | C5: 200 | D5: =C5+14.7 -> 214.7 | E5: =D5*0.06895 -> 14.803565 | F5: 1.1815 | G5: supercritical
A6: H2 | B6: 32 | C6: 500 | D6: =C6+14.7 -> 514.7 | E6: =D6*0.06895 -> 35.488565 | F6: 2.7253 | G6: supercritical
A7: H2 | B7: 32 | C7: 900 | D7: =C7+14.7 -> 914.7 | E7: =D7*0.06895 -> 63.068565 | F7: 4.8274 | G7: supercritical
A8: H2 | B8: 32 | C8: 1500 | D8: =C8+14.7 -> 1514.7 | E8: =D8*0.06895 -> 104.43856 | F8: 7.7841 | G8: supercritical
A9: He | B9: 32 | C9: 0 | D9: =C9+14.7 -> 14.7 | E9: =D9*0.06895 -> 1.013565 | F9: 0.15769 | G9: vapor
A10: He | B10: 32 | C10: 50 | D10: =C10+14.7 -> 64.7 | E10: =D10*0.06895 -> 4.461065 | F10: 0.62986 | G10: supercritical
A11: He | B11: 32 | C11: 200 | D11: =C11+14.7 -> 214.7 | E11: =D11*0.06895 -> 14.803565 | F11: 2.35 | G11: supercritical
A12: He | B12: 32 | C12: 500 | D12: =C12+14.7 -> 514.7 | E12: =D12*0.06895 -> 35.488565 | F12: 5.4334 | G12: supercritical
A13: He | B13: 32 | C13: 900 | D13: =C13+14.7 -> 914.7 | E13: =D13*0.06895 -> 63.068565 | F13: 9.6575 | G13: supercritical
A14: He | B14: 32 | C14: 1500 | D14: =C14+14.7 -> 1514.7 | E14: =D14*0.06895 -> 104.43856 | F14: 15.658 | G14: supercritical
A15: CO2 | B15: 32 | C15: 0 | D15: =C15+14.7 -> 14.7 | E15: =D15*0.06895 -> 1.013565 | F15: 1.7426 | G15: vapor
... A21: N2 | B21: 28 | C21: 1500 | D21: =C21+14.7 -> 1514.7 | E21: =D21*0.06895 -> 104.43856 | F21: 115.53 | G21: supercritical
A22: Xe | B22: 28 | C22: 116 | D22: =C22+14.7 -> 130.7 | E22: =D22/14.5038 -> 9.0114315 | F22: 49.52 | G22: vapor
A23: Xe | B23: 28 | C23: 246 | D23: =C23+14.7 -> 260.7 | E23: =D23/14.5038 -> 17.9746 | F23: 104.6 | G23: vapor
A24: Xe | B24: 28 | C24: 348 | D24: =C24+14.7 -> 362.7 | E24: =D24/14.5038 -> 25.007239 | F24: 152.48 | G24: vapor
A25: Xe | B25: 28 | C25: 450 | D25: =C25+14.7 -> 464.7 | E25: =D25/14.5038 -> 32.039879 | F25: 206.21 | G25: vapor
A26: Xe | B26: 28 | C26: 550 | D26: =C26+14.7 -> 564.7 | E26: =D26/14.5038 -> 38.934624 | F26: 267.96 | G26: vapor
A27: Xe | B27: 28 | C27: 650 | D27: =C27+14.7 -> 664.7 | E27: =D27/14.5038 -> 45.829369 | F27: 341.36 | G27: vapor
A28: Xe | B28: 28 | C28: 725 | D28: =C28+14.7 -> 739.7 | E28: =D28/14.5038 -> 51.000427 | F28: 404.55 | G28: vapor
A29: Xe | B29: 28 | C29: 900 | D29: =C29+14.7 -> 914.7 | E29: =D29/14.5038 -> 63.066231 | F29: 636.54 | G29: supercritical
A30: H250CO2 | B30: 28 | C30: 1500 | D30: =C30+14.7 -> 1514.7 | E30: =D30/14.5038 -> 104.4347
A31: H275CO2 | B31: 28 | C31: 1500 | D31: =C31+14.7 -> 1514.7 | E31: =D31/14.5038 -> 104.4347
A32: He | B32: 20 | C32: 725 | D32: =C32+14.7 -> 739.7 | E32: =D32/14.5038 -> 51.000427 | F32: 8.1734 | G32: supercritical | H32: for CT
A33: He | B33: 20 | C33: 900 | D33: =C33+14.7 -> 914.7 | E33: =D33/14.5038 -> 63.066231 | F33: 10.04 | G33: supercritical
A34: Xe | B34: 20 | C34: 725 | D34: =C34+14.7 -> 739.7 | E34: =D34/14.5038 -> 51.000427 | F34: 452.54 | G34: vapor
A35: Xe | B35: 20 | C35: 900 | D35: =C35+14.7 -> 914.7 | E35: =D35/14.5038 -> 63.066231 | F35: 1217.8 | G35: supercritical

Sheet Diff
A1: Fluid | B1: Temp | C1: P | D1: P | E1: P | F1: d_dens | G1: Phase
B2: °C | C2: psig | D2: psia | E2: bar | F2: kg/m3
A3: H2 | B3: 32 | C3: 0 | D3: =C3+14.7 -> 14.7 | E3: =D3*0.06895 -> 1.013565 | F3: =NIST!F3-Sheet1!F3 -> 8e-06 | G3: vapor | H3: for MFM
A4: H2 | B4: 32 | C4: 50 | D4: =C4+14.7 -> 64.7 | E4: =D4*0.06895 -> 4.461065 | F4: =NIST!F4-Sheet1!F4 -> -0.00042 | G4: vapor
A5: H2 | B5: 32 | C5: 200 | D5: =C5+14.7 -> 214.7 | E5: =D5*0.06895 -> 14.803565 | F5: =NIST!F5-Sheet1!F5 -> -0.0053 | G5: supercritical
A6: H2 | B6: 32 | C6: 500 | D6: =C6+14.7 -> 514.7 | E6: =D6*0.06895 -> 35.488565 | F6: =NIST!F6-Sheet1!F6 -> -0.0267 | G6: supercritical
A7: H2 | B7: 32 | C7: 900 | D7: =C7+14.7 -> 914.7 | E7: =D7*0.06895 -> 63.068565 | F7: =NIST!F7-Sheet1!F7 -> -0.0788 | G7: supercritical
A8: H2 | B8: 32 | C8: 1500 | D8: =C8+14.7 -> 1514.7 | E8: =D8*0.06895 -> 104.43856 | F8: =NIST!F8-Sheet1!F8 -> -0.1895 | G8: supercritical
A9: He | B9: 32 | C9: 0 | D9: =C9+14.7 -> 14.7 | E9: =D9*0.06895 -> 1.013565 | F9: =NIST!F9-Sheet1!F9 -> 9e-05 | G9: vapor
A10: He | B10: 32 | C10: 50 | D10: =C10+14.7 -> 64.7 | E10: =D10*0.06895 -> 4.461065 | F10: =NIST!F10-Sheet1!F10 -> -0.00044 | G10: supercritical
A11: He | B11: 32 | C11: 200 | D11: =C11+14.7 -> 214.7 | E11: =D11*0.06895 -> 14.803565 | F11: =NIST!F11-Sheet1!F11 -> -0.0091 | G11: supercritical
A12: He | B12: 32 | C12: 500 | D12: =C12+14.7 -> 514.7 | E12: =D12*0.06895 -> 35.488565 | F12: =NIST!F12-Sheet1!F12 -> -0.0502 | G12: supercritical
A13: He | B13: 32 | C13: 900 | D13: =C13+14.7 -> 914.7 | E13: =D13*0.06895 -> 63.068565 | F13: =NIST!F13-Sheet1!F13 -> -0.1512 | G13: supercritical
A14: He | B14: 32 | C14: 1500 | D14: =C14+14.7 -> 1514.7 | E14: =D14*0.06895 -> 104.43856 | F14: =NIST!F14-Sheet1!F14 -> -0.3589 | G14: supercritical
A15: CO2 | B15: 32 | C15: 0 | D15: =C15+14.7 -> 14.7 | E15: =D15*0.06895 -> 1.013565 | F15: =NIST!F15-Sheet1!F15 -> -0.001 | G15: vapor
... A21: N2 | B21: 28 | C21: 1500 | D21: =C21+14.7 -> 1514.7 | E21: =D21*0.06895 -> 104.43856 | F21: =NIST!F21-Sheet1!F21 -> -1.9821 | G21: supercritical
A22: Xe | B22: 28 | C22: 116 | D22: =C22+14.7 -> 130.7 | E22: =D22/14.5038 -> 9.0114315 | F22: =NIST!F22-Sheet1!F22 -> -0.365 | G22: vapor
A23: Xe | B23: 28 | C23: 246 | D23: =C23+14.7 -> 260.7 | E23: =D23/14.5038 -> 17.9746 | F23: =NIST!F23-Sheet1!F23 -> -1.5506 | G23: vapor
A24: Xe | B24: 28 | C24: 348 | D24: =C24+14.7 -> 362.7 | E24: =D24/14.5038 -> 25.007239 | F24: =NIST!F24-Sheet1!F24 -> -3.1355 | G24: vapor
A25: Xe | B25: 28 | C25: 450 | D25: =C25+14.7 -> 464.7 | E25: =D25/14.5038 -> 32.039879 | F25: =NIST!F25-Sheet1!F25 -> -5.4385 | G25: vapor
A26: Xe | B26: 28 | C26: 550 | D26: =C26+14.7 -> 564.7 | E26: =D26/14.5038 -> 38.934624 | F26: =NIST!F26-Sheet1!F26 -> -8.5721 | G26: vapor
A27: Xe | B27: 28 | C27: 650 | D27: =C27+14.7 -> 664.7 | E27: =D27/14.5038 -> 45.829369 | F27: =NIST!F27-Sheet1!F27 -> -12.7402 | G27: vapor
A28: Xe | B28: 28 | C28: 725 | D28: =C28+14.7 -> 739.7 | E28: =D28/14.5038 -> 51.000427 | F28: =NIST!F28-Sheet1!F28 -> -16.4916 | G28: vapor
A29: Xe | B29: 28 | C29: 900 | D29: =C29+14.7 -> 914.7 | E29: =D29/14.5038 -> 63.066231 | F29: =NIST!F29-Sheet1!F29 -> -27.7478 | G29: supercritical
A30: H250CO2 | B30: 28 | C30: 1500 | D30: =C30+14.7 -> 1514.7 | E30: =D30/14.5038 -> 104.4347
A31: H275CO2 | B31: 28 | C31: 1500 | D31: =C31+14.7 -> 1514.7 | E31: =D31/14.5038 -> 104.4347
A32: He | B32: 20 | C32: 725 | D32: =C32+14.7 -> 739.7 | E32: =D32/14.5038 -> 51.000427 | F32: =NIST!F32-Sheet1!F32 -> -0.1133 | G32: supercritical | H32: for CT
A33: He | B33: 20 | C33: 900 | D33: =C33+14.7 -> 914.7 | E33: =D33/14.5038 -> 63.066231 | F33: =NIST!F33-Sheet1!F33 -> -0.1666 | G33: supercritical
A34: Xe | B34: 20 | C34: 725 | D34: =C34+14.7 -> 739.7 | E34: =D34/14.5038 -> 51.000427 | F34: =NIST!F34-Sheet1!F34 -> -18.6314 | G34: vapor
A35: Xe | B35: 20 | C35: 900 | D35: =C35+14.7 -> 914.7 | E35: =D35/14.5038 -> 63.066231 | F35: =NIST!F35-Sheet1!F35 -> 69.1 | G35: supercritical
